Gene Symbol,Del_diff,Diploid_diff,Gain_diff
A1BG,-37.85,9.92,27.92
A1BG-AS1,-37.85,9.92,27.92
ACPT,-33.87,10.22,23.65
ACTN4,-34.85,6.19,28.67
ADCK4,-32.94,7.14,25.79
AKT1S1,-32.97,9.29,23.68
AKT2,-34.31,8.02,26.29
ALDH16A1,-32.72,9.41,23.31
ALKBH6,-33.39,4.59,28.8
ANKRD27,-32.53,3.01,29.52
AP2A1,-32.79,8.94,23.85
AP2S1,-33.09,9.9,23.18
APLP1,-33.0,4.58,28.42
APOC1,-36.24,11.9,24.34
APOC1P1,-36.63,12.29,24.34
APOC2,-36.43,12.29,24.15
APOC4,-36.63,12.29,24.34
APOC4-APOC2,-36.63,12.29,24.34
APOE,-36.24,11.72,24.51
ARHGAP33,-33.02,4.77,28.24
ARHGAP35,-32.75,10.07,22.66
ARHGEF1,-34.58,8.78,25.79
ASPDH,-34.24,9.53,24.71
ATF5,-33.14,9.46,23.68
ATP1A3,-34.8,9.17,25.62
ATP4A,-33.39,4.97,28.42
ATP5SL,-33.76,8.51,25.25
AURKC,-38.6,11.73,26.87
AXL,-33.2,7.72,25.48
B3GNT8,-33.76,8.51,25.25
B9D2,-33.42,8.49,24.93
BAX,-32.37,8.87,23.51
BBC3,-32.92,9.36,23.55
BCAM,-35.87,11.38,24.49
BCAT2,-32.35,8.68,23.68
BCKDHA,-33.76,8.51,25.25
BCL2L12,-33.12,9.07,24.04
BCL3,-36.06,11.4,24.66
BIRC8,-35.78,10.75,25.02
BLOC1S3,-36.33,11.62,24.71
BLVRB,-33.26,6.93,26.34
BRSK1,-38.47,12.24,26.23
BSPH1,-33.38,9.38,23.99
C19orf12,-32.22,1.17,31.04
C19orf18,-38.41,10.62,27.77
C19orf33,-34.8,6.88,27.93
C19orf40,-32.92,3.77,29.16
C19orf46,-33.39,4.59,28.8
C19orf47,-34.14,7.63,26.51
C19orf48,-33.7,10.22,23.48
C19orf51,-38.27,12.03,26.23
C19orf54,-33.33,7.53,25.79
C19orf55,-33.39,4.97,28.42
C19orf63,-34.23,9.5,24.71
C19orf69,-33.94,8.51,25.42
C19orf73,-32.35,8.68,23.68
C19orf75,-33.8,10.17,23.62
C19orf76,-33.12,9.07,24.04
C19orf81,-34.05,9.33,24.71
C5AR1,-32.52,9.19,23.33
CA11,-32.17,8.68,23.51
CABP5,-32.86,9.04,23.82
CACNG6,-37.02,11.65,25.37
CACNG7,-36.85,11.29,25.56
CACNG8,-36.85,11.48,25.37
CADM4,-36.0,9.76,26.22
CALM3,-33.45,10.1,23.36
CAPN12,-34.46,6.48,27.98
CAPNS1,-33.43,4.28,29.16
CARD8,-32.72,8.7,24.02
CATSPERG,-34.8,6.88,27.93
CBLC,-36.05,11.21,24.83
CCDC106,-39.0,12.62,26.38
CCDC114,-32.52,8.33,24.19
CCDC155,-33.23,9.75,23.48
CCDC61,-34.66,10.63,24.02
CCDC8,-33.43,9.93,23.5
CCDC9,-32.52,9.19,23.33
CCDC97,-33.42,8.66,24.76
CCNE1,-32.22,1.51,30.7
CD177,-36.34,9.39,26.94
CD22,-33.04,4.79,28.25
CD33,-33.97,10.17,23.79
CD37,-32.89,9.07,23.83
CD3EAP,-36.67,11.99,24.68
CD79A,-34.58,8.95,25.62
CDC42EP5,-38.27,11.88,26.4
CEACAM1,-35.94,9.54,26.4
CEACAM16,-36.24,11.4,24.83
CEACAM18,-34.68,10.75,23.92
CEACAM19,-36.24,11.4,24.83
CEACAM20,-36.06,10.86,25.2
CEACAM21,-34.28,8.7,25.57
CEACAM22P,-36.24,11.04,25.2
CEACAM3,-34.35,8.75,25.6
CEACAM4,-34.28,8.53,25.74
CEACAM5,-34.33,8.73,25.6
CEACAM6,-34.15,8.56,25.6
CEACAM7,-34.31,8.7,25.6
CEACAM8,-35.94,9.37,26.58
CEBPA,-32.78,3.45,29.33
CEBPG,-32.97,3.64,29.32
CEP89,-32.58,3.42,29.16
CGB,-32.37,8.7,23.68
CGB1,-32.37,8.7,23.68
CGB2,-32.37,8.7,23.68
CGB5,-32.37,8.7,23.68
CGB7,-32.37,8.7,23.68
CGB8,-32.37,8.7,23.68
CHMP2A,-37.85,9.92,27.92
CHST8,-33.37,4.62,28.74
CIC,-36.09,9.71,26.38
CKM,-36.13,11.62,24.51
CLASRP,-36.14,11.79,24.34
CLC,-34.41,7.29,27.12
CLDND2,-34.5,10.56,23.95
CLEC11A,-34.24,9.88,24.37
CLIP3,-33.21,4.42,28.8
CLPTM1,-36.08,11.94,24.15
CNFN,-35.77,9.73,26.03
CNOT3,-38.08,12.54,25.54
CNTD2,-34.31,8.19,26.12
COX6B1,-33.39,4.97,28.42
COX6B2,-38.5,12.07,26.43
COX7A1,-33.43,4.28,29.16
CPT1C,-32.77,9.09,23.68
CRX,-33.38,9.9,23.48
CTU1,-33.57,9.77,23.79
CXCL17,-35.77,9.2,26.58
CYP2A13,-32.98,7.71,25.27
CYP2A6,-33.18,7.55,25.62
CYP2A7,-33.18,7.55,25.62
CYP2B6,-33.18,7.72,25.45
CYP2B7P1,-33.01,7.72,25.27
CYP2F1,-32.98,7.71,25.27
CYP2G1P,-33.01,7.55,25.45
CYP2S1,-33.01,7.72,25.28
CYTH2,-32.35,8.85,23.51
DACT3,-33.26,10.07,23.19
DBP,-32.35,8.68,23.68
DEDD2,-35.52,9.71,25.81
DHDH,-32.2,8.87,23.34
DHX34,-32.52,9.02,23.5
DKFZp434J0226,-34.48,10.63,23.84
DKFZp566F0947,-33.03,2.82,30.21
DKKL1,-33.06,9.24,23.83
DLL3,-34.91,7.66,27.25
DMKN,-33.39,4.97,28.42
DMPK,-34.95,10.93,24.02
DMRTC2,-34.76,8.78,25.96
DMWD,-35.15,10.96,24.19
DPF1,-34.78,6.51,28.27
DPRX,-36.48,11.14,25.34
DPY19L3,-32.53,2.49,30.04
DUXA,-38.58,11.73,26.85
DYRK1B,-34.61,7.49,27.12
ECH1,-34.32,7.05,27.28
EGLN2,-33.18,7.55,25.62
EHD2,-33.34,9.32,24.03
EID2,-34.53,7.29,27.25
EID2B,-34.71,7.29,27.42
EIF3K,-35.19,6.36,28.84
ELSPBP1,-33.38,9.55,23.82
EML2,-35.1,10.91,24.19
EMP3,-32.52,8.51,24.02
EPN1,-39.0,12.44,26.55
EPS8L1,-38.27,12.42,25.84
ERCC1,-36.67,11.99,24.68
ERCC2,-36.47,11.96,24.51
ERF,-36.09,9.71,26.38
ERVV-1,-35.74,10.7,25.02
ERVV-2,-35.74,10.7,25.02
ETFB,-34.5,10.56,23.95
ETHE1,-36.0,9.56,26.41
ETV2,-33.39,5.14,28.25
EXOC3L2,-36.33,11.79,24.54
EXOSC5,-33.79,8.51,25.28
FAM187B,-33.76,4.94,28.81
FAM71E1,-34.23,9.5,24.71
FAM71E2,-38.5,12.07,26.43
FAM83E,-32.35,8.87,23.48
FAM98C,-34.8,6.88,27.93
FBL,-34.44,7.49,26.95
FBXO17,-34.32,6.54,27.79
FBXO27,-34.33,6.38,27.96
FBXO46,-34.92,10.91,24.02
FCAR,-38.29,12.59,25.68
FCGBP,-34.48,7.71,26.78
FCGRT,-32.72,9.24,23.48
FFAR1,-33.22,5.14,28.07
FFAR2,-33.56,5.31,28.24
FFAR3,-33.22,5.14,28.07
FGF21,-32.17,8.68,23.51
FIZ1,-39.19,12.62,26.57
FKBP1AP1,-38.77,10.82,27.94
FKRP,-32.72,10.07,22.65
FLJ26850,-33.14,9.46,23.68
FLJ30403,-34.87,10.78,24.1
FLT3LG,-32.72,9.41,23.31
FOSB,-36.14,11.62,24.51
FOXA3,-35.34,10.46,24.88
FPR1,-34.34,10.21,24.12
FPR2,-34.34,10.01,24.32
FPR3,-34.51,10.19,24.32
FTL,-32.37,8.87,23.51
FUT1,-32.17,8.68,23.51
FUT2,-32.17,8.68,23.51
FUZ,-32.96,9.11,23.85
FXYD1,-33.93,5.11,28.81
FXYD3,-33.93,4.94,28.99
FXYD5,-33.93,5.11,28.81
FXYD7,-33.93,5.11,28.81
GALP,-39.0,11.71,27.29
GAPDHS,-33.56,4.97,28.59
GEMIN7,-36.5,11.96,24.53
GGN,-34.8,6.88,27.93
GIPR,-34.92,10.91,24.02
GLTSCR1,-33.0,9.15,23.86
GLTSCR2,-33.53,9.88,23.65
GMFG,-34.33,7.27,27.07
GNG8,-33.62,10.27,23.36
GP6,-38.27,12.59,25.67
GPATCH1,-32.78,3.25,29.53
GPI,-33.73,4.23,29.51
GPR32,-33.87,10.22,23.65
GPR4,-35.27,11.08,24.19
GPR77,-32.35,9.19,23.16
GRAMD1A,-33.59,4.77,28.81
GRIK5,-34.79,9.0,25.79
GRIN2D,-32.35,8.51,23.85
GRWD1,-32.35,8.85,23.51
GSK3A,-36.09,9.71,26.38
GYS1,-32.2,8.7,23.51
HAMP,-33.59,4.97,28.61
HAS1,-34.34,10.21,24.12
HAUS5,-33.56,5.14,28.42
HCST,-33.17,4.58,28.6
HIF3A,-34.46,10.27,24.18
HIPK4,-33.95,7.27,26.68
HKR1,-34.24,5.4,28.84
HNRNPL,-34.32,6.88,27.45
HNRNPUL1,-33.42,8.12,25.3
HPN,-33.59,4.59,28.99
HRC,-32.52,8.85,23.68
HSD17B14,-32.17,8.68,23.51
HSPB6,-33.2,4.77,28.42
HSPBP1,-38.28,12.23,26.05
IGFL1,-34.46,10.44,24.01
IGFL2,-34.29,10.46,23.82
IGFL3,-34.29,10.29,23.99
IGFL4,-34.48,10.46,24.02
IGFLR1,-33.2,4.77,28.42
IGLON5,-34.14,10.17,23.97
IGSF23,-36.24,11.4,24.82
IL11,-38.33,12.07,26.25
IL28A,-34.33,7.27,27.07
IL28B,-34.33,6.9,27.44
IL29,-34.33,7.27,27.07
IL4I1,-33.14,9.46,23.68
IRF2BP1,-35.51,10.46,25.05
IRF3,-33.12,9.07,24.04
IRGC,-36.0,9.59,26.4
IRGQ,-36.0,9.76,26.22
ISOC2,-39.07,12.81,26.25
ITPKC,-33.33,7.53,25.79
IZUMO1,-32.17,8.68,23.51
IZUMO2,-33.34,9.49,23.85
JOSD2,-34.24,9.53,24.71
KCNA7,-32.37,8.7,23.68
KCNC3,-33.7,9.5,24.19
KCNJ14,-32.35,8.85,23.51
KCNK6,-34.8,6.88,27.93
KCNN4,-36.0,9.76,26.22
KCTD15,-33.56,4.58,28.98
KDELR1,-32.35,8.51,23.85
KIAA0355,-33.73,4.25,29.48
KIR2DL1,-38.29,12.59,25.68
KIR2DL3,-38.29,12.59,25.68
KIR2DL4,-38.29,12.59,25.68
KIR2DS4,-38.29,12.59,25.68
KIR3DL1,-38.29,12.59,25.68
KIR3DL2,-38.29,12.59,25.68
KIR3DL3,-38.29,12.59,25.68
KIR3DX1,-37.74,11.68,26.06
KIRREL2,-33.0,4.77,28.23
KLC3,-36.47,11.96,24.51
KLK1,-33.87,10.05,23.82
KLK10,-34.09,9.94,24.14
KLK11,-34.09,9.94,24.14
KLK12,-33.92,9.77,24.14
KLK13,-33.75,9.77,23.97
KLK14,-33.57,9.6,23.97
KLK15,-33.69,9.88,23.82
KLK2,-33.69,9.88,23.82
KLK3,-33.69,9.88,23.82
KLK4,-33.69,9.88,23.82
KLK5,-33.92,9.92,23.99
KLK6,-33.92,9.92,23.99
KLK7,-33.92,9.92,23.99
KLK8,-34.09,10.11,23.97
KLK9,-34.09,9.94,24.14
KLKP1,-33.69,9.88,23.82
KPTN,-33.19,9.34,23.85
KRTDAP,-33.39,4.97,28.42
LAIR1,-37.74,12.42,25.32
LAIR2,-37.74,11.68,26.06
LENG1,-38.08,12.54,25.54
LENG8,-38.27,11.88,26.4
LENG9,-38.27,11.88,26.4
LEUTX,-34.61,7.68,26.93
LGALS13,-34.36,7.1,27.27
LGALS14,-34.41,7.29,27.12
LGALS16,-34.58,7.46,27.12
LGALS17A,-34.41,7.29,27.12
LGALS4,-34.32,7.05,27.28
LGALS7,-34.12,6.48,27.64
LGALS7B,-34.32,6.88,27.45
LGI4,-33.93,5.11,28.81
LHB,-32.37,8.7,23.68
LIG1,-32.89,9.07,23.82
LILRA1,-37.4,11.68,25.71
LILRA2,-37.57,11.68,25.88
LILRA3,-37.57,12.42,25.15
LILRA4,-37.57,12.42,25.15
LILRA5,-37.57,12.42,25.15
LILRA6,-37.57,12.42,25.15
LILRB1,-37.2,12.07,25.12
LILRB2,-37.57,12.42,25.15
LILRB3,-37.57,12.42,25.15
LILRB4,-37.37,12.07,25.3
LILRB5,-37.57,12.42,25.15
LILRP2,-37.91,12.23,25.68
LIM2,-34.5,10.56,23.95
LIN37,-33.2,4.77,28.42
LIN7B,-32.35,8.68,23.68
LINC00085,-34.51,10.39,24.12
LIPE,-35.77,9.56,26.21
LMTK3,-31.98,8.48,23.51
LOC100101266,-30.63,-1.18,31.81
LOC100128252,-38.97,11.9,27.06
LOC100128398,-38.41,10.62,27.77
LOC100128675,-33.59,4.59,28.99
LOC100128682,-33.39,5.14,28.24
LOC100129083,-34.51,10.56,23.95
LOC100129935,-34.58,7.46,27.12
LOC100131691,-37.85,9.92,27.92
LOC100134317,-33.63,4.82,28.81
LOC100287177,-35.1,10.91,24.19
LOC100289650,-36.34,9.39,26.94
LOC100379224,-36.06,10.49,25.56
LOC100505495,-34.14,8.9,25.23
LOC100505622,-35.16,9.34,25.81
LOC100505681,-33.19,9.34,23.85
LOC100505715,-36.02,10.29,25.71
LOC100505812,-32.69,8.68,24.02
LOC100505835,-31.51,1.12,30.39
LOC100506012,-33.62,9.58,24.05
LOC100506033,-32.96,9.11,23.85
LOC100506068,-32.92,10.07,22.85
LOC100506469,-33.56,4.97,28.59
LOC100506930,-33.63,4.82,28.81
LOC100507003,-32.89,9.58,23.31
LOC100507433,-34.27,5.79,28.47
LOC100631378,-34.44,5.79,28.64
LOC100652909,-33.59,4.77,28.82
LOC147646,-34.5,10.56,23.95
LOC147670,-38.61,11.9,26.69
LOC147804,-36.14,10.6,25.54
LOC148145,-31.51,1.12,30.39
LOC148189,-31.66,1.1,30.54
LOC284344,-36.34,9.39,26.94
LOC284379,-36.48,11.14,25.34
LOC284395,-31.88,0.82,31.04
LOC284408,-33.82,5.18,28.64
LOC284412,-34.05,5.57,28.47
LOC386758,-38.97,11.56,27.4
LOC388553,-34.95,10.93,24.02
LOC390940,-36.0,9.93,26.05
LOC400684,-32.53,2.66,29.87
LOC400685,-33.21,4.23,29.0
LOC643669,-34.32,6.54,27.79
LOC644189,-33.63,5.18,28.44
LOC644554,-34.44,5.79,28.64
LOC646508,-35.78,10.75,25.02
LOC646862,-37.85,9.92,27.92
LOC728752,-33.63,5.01,28.61
LOC80054,-32.78,3.45,29.33
LRFN1,-34.33,7.27,27.07
LRFN3,-33.17,4.38,28.8
LRP3,-32.61,3.11,29.5
LRRC4B,-33.9,9.36,24.54
LSM14A,-33.54,4.4,29.13
LSR,-33.59,4.97,28.61
LTBP4,-33.31,7.14,26.16
LYPD3,-36.17,9.9,26.24
LYPD4,-34.56,8.58,25.96
LYPD5,-35.83,9.76,26.05
MAG,-33.59,4.97,28.61
MAMSTR,-32.17,8.68,23.51
MAP3K10,-34.48,8.39,26.09
MAP4K1,-35.19,6.36,28.84
MARK4,-36.16,11.64,24.51
MBOAT7,-37.91,12.37,25.54
MED25,-32.79,8.94,23.85
MED29,-34.51,7.24,27.27
MEGF8,-35.91,9.37,26.55
MEIS3,-32.69,9.19,23.5
MGC2752,-37.85,9.92,27.92
MGC45922,-33.87,10.05,23.82
MIA,-33.36,7.72,25.62
MIA-RAB4B,-33.36,7.72,25.62
MIMT1,-38.61,11.73,26.87
MIR125A,-34.68,10.56,24.12
MIR1283-1,-36.48,11.14,25.34
MIR1283-2,-36.48,11.14,25.34
MIR1323,-36.48,11.14,25.34
MIR150,-32.72,9.24,23.48
MIR3190,-32.92,9.36,23.55
MIR3191,-32.92,9.36,23.55
MIR320E,-32.55,10.07,22.47
MIR330,-35.1,10.91,24.19
MIR371A,-36.48,11.14,25.34
MIR371B,-36.48,11.14,25.34
MIR372,-36.48,11.14,25.34
MIR373,-36.48,11.14,25.34
MIR4323,-35.16,9.34,25.81
MIR4324,-32.89,9.07,23.82
MIR4530,-34.71,7.44,27.27
MIR4531,-36.24,11.4,24.83
MIR4749,-32.96,9.11,23.85
MIR4750,-33.14,9.46,23.68
MIR4751,-33.14,9.46,23.68
MIR4752,-37.57,12.42,25.15
MIR4754,-37.85,9.92,27.92
MIR498,-36.48,11.14,25.34
MIR512-1,-36.48,11.14,25.34
MIR512-2,-36.48,11.14,25.34
MIR515-1,-36.48,11.14,25.34
MIR515-2,-36.48,11.14,25.34
MIR516A1,-36.48,11.14,25.34
MIR516A2,-36.48,11.14,25.34
MIR516B1,-36.48,11.14,25.34
MIR516B2,-36.48,11.14,25.34
MIR517A,-36.48,11.14,25.34
MIR517B,-36.48,11.14,25.34
MIR517C,-36.48,11.14,25.34
MIR518A1,-36.48,11.14,25.34
MIR518A2,-36.48,11.14,25.34
MIR518B,-36.48,11.14,25.34
MIR518C,-36.48,11.14,25.34
MIR518D,-36.48,11.14,25.34
MIR518E,-36.48,11.14,25.34
MIR518F,-36.48,11.14,25.34
MIR519A1,-36.48,11.14,25.34
MIR519A2,-36.48,11.14,25.34
MIR519B,-36.48,11.14,25.34
MIR519C,-36.48,11.14,25.34
MIR519D,-36.48,11.14,25.34
MIR519E,-36.48,11.14,25.34
MIR520A,-36.48,11.14,25.34
MIR520B,-36.48,11.14,25.34
MIR520C,-36.48,11.14,25.34
MIR520D,-36.48,11.14,25.34
MIR520E,-36.48,11.14,25.34
MIR520F,-36.48,11.14,25.34
MIR520G,-36.48,11.14,25.34
MIR520H,-36.48,11.14,25.34
MIR521-1,-36.48,11.14,25.34
MIR521-2,-36.48,11.14,25.34
MIR522,-36.48,11.14,25.34
MIR523,-36.48,11.14,25.34
MIR524,-36.48,11.14,25.34
MIR525,-36.48,11.14,25.34
MIR526A1,-36.48,11.14,25.34
MIR526A2,-36.48,11.14,25.34
MIR526B,-36.48,11.14,25.34
MIR527,-36.48,11.14,25.34
MIR641,-34.12,7.8,26.31
MIR642A,-34.92,10.91,24.02
MIR642B,-34.92,10.91,24.02
MIR643,-34.88,10.73,24.15
MIR769,-34.66,10.63,24.02
MIR935,-37.02,11.65,25.37
MIR99B,-34.68,10.56,24.12
MIRLET7E,-34.68,10.56,24.12
MLL4,-33.39,4.97,28.42
MRPS12,-34.32,6.71,27.62
MYADM,-36.85,11.29,25.56
MYBPC2,-34.05,9.5,24.54
MYH14,-33.73,9.7,24.02
MYPOP,-35.51,10.46,25.05
MZF1,-37.85,9.92,27.92
NANOS2,-35.17,10.63,24.53
NAPA,-33.36,9.34,24.02
NAPSA,-33.71,9.5,24.19
NAPSB,-33.7,9.5,24.19
NAT14,-39.24,12.81,26.43
NCCRP1,-34.33,7.07,27.26
NCR1,-38.09,12.76,25.32
NDUFA3,-37.91,12.17,25.74
NFKBIB,-34.32,6.54,27.79
NFKBID,-33.17,4.58,28.6
NKG7,-34.5,10.56,23.95
NKPD1,-36.14,11.62,24.51
NLRP11,-39.02,12.1,26.91
NLRP12,-36.48,11.14,25.34
NLRP13,-38.83,11.73,27.09
NLRP2,-38.66,12.59,26.06
NLRP4,-38.83,11.9,26.91
NLRP5,-38.83,11.9,26.91
NLRP7,-38.48,12.42,26.06
NLRP8,-38.83,11.9,26.91
NLRP9,-39.0,12.44,26.55
NOSIP,-32.37,8.9,23.48
NOVA2,-34.83,10.46,24.36
NPAS1,-32.92,10.07,22.83
NPHS1,-32.82,4.77,28.06
NR1H2,-33.88,9.68,24.19
NTF4,-32.37,8.7,23.68
NTN5,-32.17,8.68,23.51
NUCB1,-32.03,8.87,23.16
NUDT19,-32.53,3.01,29.52
NUMBL,-32.94,7.14,25.79
NUP62,-33.14,9.46,23.68
OPA3,-35.67,11.13,24.54
OSCAR,-37.91,12.17,25.74
PAF1,-34.51,7.24,27.27
PAFAH1B3,-36.09,9.71,26.38
PAK4,-33.99,6.38,27.61
PAPL,-34.16,6.58,27.59
PDCD2L,-33.9,4.4,29.51
PDCD5,-32.53,2.83,29.69
PEG3,-38.61,11.73,26.87
PEG3-AS1,-38.61,11.73,26.87
PEPD,-32.97,3.47,29.51
PGLYRP1,-34.66,10.63,24.02
PHLDB3,-36.17,9.73,26.41
PIH1D1,-32.89,9.58,23.31
PLA2G4C,-33.06,9.07,23.99
PLAUR,-36.39,9.98,26.4
PLD3,-34.14,7.46,26.68
PLEKHA4,-32.37,8.87,23.51
PLEKHF1,-32.22,1.34,30.87
PLEKHG2,-34.71,7.44,27.27
PNKP,-32.96,9.29,23.68
PNMAL1,-33.61,9.75,23.84
PNMAL2,-33.62,9.75,23.88
POLD1,-33.88,9.5,24.36
POLR2I,-33.26,4.28,28.99
POP4,-32.02,1.32,30.7
POU2F2,-35.16,9.34,25.81
PPFIA3,-32.35,8.68,23.68
PPM1N,-35.81,11.47,24.34
PPP1R12C,-38.46,12.42,26.03
PPP1R13L,-36.47,11.96,24.51
PPP1R14A,-34.63,6.51,28.13
PPP1R15A,-32.2,8.87,23.34
PPP1R37,-36.14,11.62,24.51
PPP2R1A,-34.88,10.73,24.15
PPP5C,-33.95,10.27,23.67
PPP6R1,-38.28,12.23,26.05
PRG1,-36.34,9.39,26.94
PRKCG,-36.85,11.29,25.56
PRKD2,-32.72,10.07,22.65
PRMT1,-33.12,9.07,24.04
PRODH2,-33.02,4.77,28.24
PRPF31,-38.08,12.34,25.74
PRR12,-32.57,9.09,23.48
PRR19,-36.09,9.71,26.38
PRR24,-32.52,9.19,23.33
PRRG2,-32.37,9.07,23.3
PRX,-33.61,6.93,26.68
PSENEN,-33.2,4.77,28.42
PSG1,-36.34,9.39,26.94
PSG10P,-36.34,9.39,26.94
PSG11,-36.34,9.39,26.94
PSG2,-36.34,9.39,26.94
PSG3,-36.34,9.39,26.94
PSG4,-36.34,9.39,26.94
PSG5,-36.34,9.39,26.94
PSG6,-36.34,9.39,26.94
PSG7,-36.34,9.39,26.94
PSG8,-36.34,9.39,26.94
PSG9,-36.34,9.39,26.94
PSMC4,-34.65,8.05,26.61
PSMD8,-34.8,6.88,27.93
PTGIR,-33.62,10.27,23.36
PTH2,-32.89,9.58,23.31
PTOV1,-32.96,9.11,23.85
PTPRH,-38.46,12.23,26.23
PVR,-36.24,11.4,24.83
PVRL2,-36.24,11.57,24.66
QPCTL,-34.92,10.91,24.02
RAB4B,-33.36,7.72,25.62
RAB4B-EGLN2,-33.18,7.55,25.62
RABAC1,-34.77,8.98,25.79
RASGRP4,-34.8,6.88,27.93
RASIP1,-32.17,8.68,23.51
RBM42,-33.39,5.14,28.25
RCN3,-32.37,9.07,23.3
RDH13,-38.27,12.42,25.84
RELB,-36.11,11.77,24.34
RFPL4A,-38.83,12.27,26.55
RGS9BP,-32.53,3.01,29.52
RHPN2,-32.75,3.25,29.5
RINL,-34.32,6.71,27.62
RPL13A,-32.72,9.41,23.31
RPL13AP5,-32.72,9.41,23.31
RPL18,-32.35,8.87,23.48
RPL28,-38.5,12.24,26.25
RPS11,-32.72,9.24,23.48
RPS16,-34.71,7.44,27.27
RPS19,-34.58,8.95,25.62
RPS5,-37.85,9.92,27.92
RPS9,-37.74,12.2,25.54
RRAS,-32.75,9.09,23.65
RSPH6A,-35.15,10.79,24.36
RTN2,-35.81,11.47,24.34
RUVBL2,-32.37,8.7,23.68
RYR1,-34.83,6.36,28.47
SAE1,-32.92,9.36,23.55
SAMD4B,-34.33,7.27,27.07
SARS2,-34.32,6.71,27.62
SBK2,-39.05,12.81,26.23
SBSN,-33.56,4.97,28.59
SCAF1,-33.12,9.09,24.01
SCGB1B2P,-33.56,4.06,29.5
SCGB2B2,-33.39,4.06,29.33
SCGB2B3P,-33.21,4.06,29.16
SCN1B,-33.41,4.59,28.81
SDHAF1,-33.2,4.4,28.8
SEC1,-32.17,8.68,23.51
SELV,-34.91,7.66,27.25
SEPW1,-33.72,10.07,23.65
SERTAD1,-33.43,6.93,26.51
SERTAD3,-33.43,6.93,26.51
SGK110,-39.05,12.81,26.23
SHANK1,-34.07,9.53,24.54
SHISA7,-39.07,12.81,26.25
SHKBP1,-33.31,7.14,26.16
SIGLEC10,-34.68,10.56,24.12
SIGLEC11,-33.14,9.46,23.68
SIGLEC12,-34.87,10.75,24.12
SIGLEC14,-34.87,10.75,24.12
SIGLEC16,-33.14,9.46,23.68
SIGLEC5,-35.04,10.95,24.1
SIGLEC6,-34.87,10.75,24.12
SIGLEC7,-33.57,9.77,23.79
SIGLEC8,-34.51,10.56,23.95
SIGLEC9,-33.57,9.77,23.79
SIGLECP3,-33.57,9.77,23.79
SIPA1L3,-34.44,5.48,28.96
SIRT2,-34.49,6.71,27.79
SIX5,-34.95,10.93,24.02
SLC17A7,-32.89,9.58,23.31
SLC1A5,-32.92,10.07,22.84
SLC27A5,-37.85,9.92,27.92
SLC6A16,-33.06,9.07,24.0
SLC7A10,-32.78,3.45,29.33
SLC7A9,-32.56,3.77,28.79
SLC8A2,-33.03,9.19,23.85
SMG9,-36.0,9.76,26.22
SNAR-A1,-33.38,9.55,23.82
SNAR-A10,-33.14,8.45,24.68
SNAR-A11,-33.14,8.45,24.68
SNAR-A12,-33.38,9.55,23.82
SNAR-A13,-33.38,9.55,23.82
SNAR-A14,-33.14,8.45,24.68
SNAR-A2,-33.38,9.55,23.82
SNAR-A3,-33.14,8.45,24.68
SNAR-A4,-33.14,8.45,24.68
SNAR-A5,-33.14,8.45,24.68
SNAR-A6,-33.14,8.45,24.68
SNAR-A7,-33.14,8.45,24.68
SNAR-A8,-33.14,8.45,24.68
SNAR-A9,-33.14,8.45,24.68
SNAR-B1,-33.34,9.49,23.85
SNAR-B2,-33.34,9.49,23.85
SNAR-C1,-33.38,9.55,23.82
SNAR-C2,-33.38,9.55,23.82
SNAR-C3,-33.38,9.55,23.82
SNAR-C4,-33.38,9.55,23.82
SNAR-C5,-33.38,9.55,23.82
SNAR-D,-33.34,9.49,23.85
SNAR-E,-32.92,9.9,23.01
SNAR-F,-33.88,9.33,24.54
SNAR-G1,-32.37,8.7,23.68
SNAR-G2,-32.37,8.7,23.68
SNORD23,-33.53,9.88,23.65
SNORD32A,-32.72,9.41,23.31
SNORD33,-32.72,9.41,23.31
SNORD34,-32.72,9.41,23.31
SNORD35A,-32.72,9.41,23.31
SNORD35B,-32.72,9.24,23.48
SNORD88A,-33.87,10.22,23.65
SNORD88B,-33.87,10.22,23.65
SNORD88C,-33.7,10.22,23.48
SNRNP70,-32.37,8.7,23.68
SNRPA,-33.36,7.72,25.62
SNRPD2,-34.92,10.91,24.02
SPACA4,-32.16,8.68,23.48
SPHK2,-32.35,8.87,23.48
SPIB,-33.88,9.5,24.36
SPINT2,-34.63,6.54,28.1
SPRED3,-34.8,6.88,27.93
SPTBN4,-33.31,6.97,26.34
SRRM5,-36.0,9.76,26.22
SSC5D,-39.24,12.81,26.43
STRN4,-32.55,10.07,22.47
SULT2A1,-33.38,9.9,23.48
SULT2B1,-31.98,8.51,23.48
SUPT5H,-34.91,7.49,27.42
SUV420H2,-38.67,12.24,26.43
SYCN,-34.33,7.07,27.26
SYMPK,-35.15,10.44,24.71
SYNGR4,-32.35,8.51,23.85
SYT3,-34.05,9.33,24.71
SYT5,-38.46,12.23,26.23
TARM1,-37.74,12.37,25.37
TBC1D17,-33.14,9.46,23.68
TBCB,-33.26,4.28,28.99
TDRD12,-32.73,3.38,29.35
TEAD2,-32.89,9.07,23.83
TEX101,-36.34,9.39,26.94
TFPT,-37.91,12.17,25.74
TGFB1,-33.42,8.49,24.93
THAP8,-33.59,4.62,28.97
THEG5,-33.25,3.91,29.33
TIMM50,-34.91,7.66,27.25
TMC4,-38.08,12.54,25.54
TMEM143,-32.35,8.51,23.85
TMEM145,-36.09,9.71,26.38
TMEM147,-33.56,4.97,28.59
TMEM150B,-38.67,12.24,26.43
TMEM160,-32.92,10.07,22.83
TMEM190,-38.33,12.07,26.25
TMEM238,-38.33,12.07,26.25
TMEM86B,-38.28,12.23,26.05
TMEM91,-33.45,8.34,25.1
TNNI3,-38.27,12.03,26.23
TNNT1,-38.27,12.23,26.03
TOMM40,-36.24,11.72,24.51
TPRX1,-33.55,10.07,23.48
TRAPPC2P1,-38.77,11.54,27.23
TRAPPC6A,-36.14,11.62,24.51
TRIM28,-37.85,9.92,27.92
TRPM4,-32.52,8.52,23.99
TSEN34,-37.74,12.2,25.54
TSHZ3,-33.22,3.38,29.84
TSKS,-32.96,9.11,23.85
TTC9B,-34.48,8.19,26.29
TTYH1,-37.93,12.24,25.69
TULP2,-32.03,8.87,23.16
TYROBP,-33.17,4.58,28.6
U2AF1L4,-33.2,4.77,28.42
U2AF2,-39.0,12.62,26.38
UBA2,-33.9,4.58,29.33
UBE2M,-37.85,9.92,27.92
UBE2S,-39.05,12.79,26.25
UPK1A,-33.2,4.97,28.23
UQCRFS1,-31.68,1.12,30.56
URI1,-32.05,1.34,30.7
USF2,-33.76,5.14,28.61
USP29,-38.58,11.73,26.85
VASP,-35.84,11.3,24.54
VN1R1,-38.77,11.37,27.4
VN1R2,-36.12,11.09,25.02
VN1R4,-36.12,11.09,25.02
VRK3,-33.14,9.46,23.68
VSIG10L,-34.33,10.56,23.78
VSTM1,-37.74,12.37,25.37
VSTM2B,-32.02,1.51,30.51
WDR62,-33.43,4.65,28.8
WDR87,-34.61,5.79,28.81
WDR88,-32.44,2.91,29.53
WTIP,-33.9,4.58,29.33
XRCC1,-36.0,9.76,26.22
YIF1B,-34.8,6.88,27.93
ZBTB32,-33.39,4.97,28.42
ZBTB45,-37.85,9.92,27.92
ZC3H4,-32.92,9.9,23.01
ZFP112,-36.22,10.86,25.35
ZFP14,-33.46,4.84,28.61
ZFP28,-38.78,11.9,26.87
ZFP30,-34.61,5.96,28.64
ZFP36,-34.71,7.44,27.27
ZFP82,-33.63,5.01,28.61
ZIK1,-38.77,11.19,27.57
ZIM2,-38.61,11.73,26.87
ZIM3,-38.58,11.73,26.85
ZNF114,-32.52,8.51,24.02
ZNF132,-37.85,9.92,27.92
ZNF134,-38.77,11.02,27.74
ZNF135,-38.24,10.45,27.77
ZNF137P,-35.71,11.59,24.12
ZNF146,-33.43,4.62,28.81
ZNF154,-38.77,11.02,27.74
ZNF155,-36.24,11.05,25.17
ZNF160,-35.96,10.92,25.02
ZNF17,-38.77,11.54,27.23
ZNF175,-34.87,10.95,23.93
ZNF180,-36.06,10.86,25.2
ZNF181,-33.04,3.86,29.19
ZNF211,-38.77,11.02,27.74
ZNF221,-36.02,10.66,25.34
ZNF222,-36.24,11.05,25.17
ZNF223,-36.26,10.69,25.56
ZNF224,-36.06,10.49,25.56
ZNF225,-36.06,10.49,25.56
ZNF226,-36.24,10.49,25.73
ZNF227,-36.22,10.66,25.54
ZNF229,-36.61,11.05,25.54
ZNF230,-36.24,11.05,25.17
ZNF233,-36.22,10.66,25.54
ZNF234,-36.06,10.49,25.56
ZNF235,-36.22,10.66,25.54
ZNF254,-30.63,-1.18,31.81
ZNF256,-38.41,10.62,27.77
ZNF260,-33.63,5.18,28.44
ZNF264,-38.6,11.56,27.04
ZNF274,-38.26,10.48,27.77
ZNF28,-35.91,10.87,25.02
ZNF283,-35.83,9.76,26.06
ZNF284,-36.06,10.49,25.56
ZNF285,-36.41,10.86,25.54
ZNF296,-36.31,11.96,24.34
ZNF30,-33.78,4.97,28.82
ZNF302,-33.21,4.03,29.18
ZNF304,-38.77,11.54,27.23
ZNF320,-35.91,10.87,25.02
ZNF321P,-35.91,10.87,25.02
ZNF324,-37.85,9.92,27.92
ZNF324B,-37.85,9.92,27.92
ZNF329,-38.07,10.48,27.57
ZNF331,-36.14,10.79,25.34
ZNF345,-33.65,5.18,28.47
ZNF347,-36.13,11.09,25.02
ZNF350,-34.51,10.19,24.32
ZNF382,-33.82,5.18,28.64
ZNF383,-34.22,5.75,28.47
ZNF404,-36.02,10.12,25.89
ZNF415,-36.13,11.09,25.02
ZNF416,-38.77,11.19,27.57
ZNF417,-38.41,10.62,27.77
ZNF418,-38.41,10.62,27.77
ZNF419,-38.77,11.37,27.4
ZNF420,-34.22,5.38,28.84
ZNF428,-36.0,9.76,26.22
ZNF432,-34.51,10.19,24.32
ZNF444,-39.0,11.9,27.09
ZNF446,-37.85,9.92,27.92
ZNF45,-36.02,10.66,25.34
ZNF460,-38.77,11.54,27.24
ZNF461,-33.82,5.18,28.64
ZNF468,-35.91,10.87,25.02
ZNF470,-38.78,11.9,26.87
ZNF471,-38.97,11.9,27.07
ZNF473,-33.14,9.46,23.68
ZNF480,-35.05,10.73,24.32
ZNF497,-37.85,9.92,27.92
ZNF507,-32.53,3.03,29.5
ZNF524,-39.19,12.62,26.57
ZNF525,-35.78,10.58,25.19
ZNF526,-36.09,9.71,26.38
ZNF527,-34.27,5.77,28.5
ZNF528,-35.4,11.09,24.29
ZNF529,-33.82,5.18,28.64
ZNF530,-38.77,11.19,27.57
ZNF534,-35.4,11.09,24.29
ZNF536,-32.46,1.93,30.53
ZNF540,-34.44,5.79,28.64
ZNF541,-33.36,9.34,24.02
ZNF542,-38.97,11.37,27.6
ZNF543,-38.77,11.34,27.43
ZNF544,-38.26,10.31,27.94
ZNF546,-34.48,7.88,26.61
ZNF547,-38.77,11.54,27.23
ZNF548,-38.77,11.54,27.23
ZNF549,-38.77,11.37,27.4
ZNF550,-38.77,11.19,27.57
ZNF551,-38.77,11.02,27.74
ZNF552,-38.77,10.82,27.94
ZNF565,-33.43,4.62,28.81
ZNF566,-33.63,5.01,28.61
ZNF567,-33.82,5.01,28.81
ZNF568,-34.05,5.21,28.84
ZNF569,-34.27,5.6,28.67
ZNF570,-34.27,5.79,28.47
ZNF571,-34.44,5.79,28.64
ZNF573,-34.44,5.62,28.81
ZNF574,-34.96,9.34,25.62
ZNF575,-36.0,9.56,26.41
ZNF576,-36.0,9.76,26.22
ZNF577,-34.51,10.19,24.32
ZNF578,-35.4,11.09,24.29
ZNF579,-39.22,12.81,26.4
ZNF580,-39.0,12.62,26.37
ZNF581,-39.0,12.62,26.38
ZNF582,-38.97,11.37,27.6
ZNF583,-38.97,11.56,27.4
ZNF584,-37.85,9.92,27.92
ZNF585A,-34.22,5.18,29.04
ZNF585B,-34.22,5.57,28.64
ZNF586,-38.77,10.82,27.94
ZNF587,-38.77,10.82,27.94
ZNF587B,-38.77,10.82,27.94
ZNF599,-33.21,4.03,29.19
ZNF600,-35.91,10.87,25.02
ZNF606,-38.41,10.62,27.77
ZNF607,-34.44,5.79,28.64
ZNF610,-35.22,10.92,24.29
ZNF611,-35.91,10.87,25.02
ZNF613,-34.51,10.19,24.32
ZNF614,-34.51,10.19,24.32
ZNF615,-34.51,10.19,24.32
ZNF616,-34.71,10.39,24.32
ZNF628,-39.24,12.81,26.43
ZNF649,-34.51,10.19,24.32
ZNF665,-36.13,11.09,25.02
ZNF667,-38.97,11.73,27.23
ZNF671,-38.77,11.02,27.74
ZNF677,-36.12,11.09,25.02
ZNF701,-35.71,11.59,24.12
ZNF702P,-35.91,10.87,25.02
ZNF71,-38.78,11.9,26.87
ZNF726,-30.63,-1.18,31.81
ZNF749,-38.77,11.54,27.23
ZNF761,-36.14,10.6,25.54
ZNF765,-36.14,10.6,25.54
ZNF766,-34.88,10.73,24.15
ZNF772,-38.77,11.37,27.4
ZNF773,-38.77,11.37,27.4
ZNF776,-38.77,10.82,27.94
ZNF780A,-34.48,8.22,26.26
ZNF780B,-34.65,8.22,26.44
ZNF781,-34.61,5.96,28.64
ZNF784,-39.0,12.62,26.37
ZNF787,-39.0,11.9,27.09
ZNF790,-33.82,5.18,28.64
ZNF792,-33.59,4.97,28.62
ZNF793,-34.27,5.79,28.47
ZNF8,-38.26,10.31,27.94
ZNF805,-38.6,11.73,26.87
ZNF808,-35.54,11.42,24.12
ZNF813,-36.14,10.6,25.54
ZNF814,-38.58,10.62,27.94
ZNF816,-35.91,10.87,25.02
ZNF816-ZNF321P,-35.91,10.87,25.02
ZNF829,-33.85,5.18,28.67
ZNF83,-35.71,11.59,24.12
ZNF835,-38.8,12.1,26.69
ZNF836,-35.05,10.9,24.15
ZNF837,-37.85,9.92,27.92
ZNF841,-34.51,10.19,24.32
ZNF845,-35.78,10.75,25.02
ZNF850,-33.82,5.18,28.64
ZNF865,-39.0,12.62,26.37
ZNF880,-35.4,11.09,24.29
ZSCAN1,-38.41,10.62,27.77
ZSCAN18,-38.24,10.65,27.57
ZSCAN22,-38.24,10.31,27.92
ZSCAN4,-38.77,11.02,27.74
ZSCAN5A,-39.0,11.71,27.29
ZSCAN5B,-39.0,11.71,27.29
hsa-let-7e,-34.68,10.56,24.12
hsa-mir-125a,-34.68,10.56,24.12
hsa-mir-1274b,-38.77,11.37,27.4
hsa-mir-1283-1,-36.48,11.14,25.34
hsa-mir-1283-2,-36.48,11.14,25.34
hsa-mir-1323,-36.48,11.14,25.34
hsa-mir-150,-32.72,9.24,23.48
hsa-mir-220c,-32.17,8.51,23.67
hsa-mir-3190,-32.92,9.36,23.55
hsa-mir-3191,-32.92,9.36,23.55
hsa-mir-320e,-32.55,10.07,22.47
hsa-mir-330,-35.1,10.91,24.19
hsa-mir-371,-36.48,11.14,25.34
hsa-mir-372,-36.48,11.14,25.34
hsa-mir-373,-36.48,11.14,25.34
hsa-mir-4323,-35.16,9.34,25.81
hsa-mir-4324,-32.89,9.07,23.82
hsa-mir-498,-36.48,11.14,25.34
hsa-mir-512-1,-36.48,11.14,25.34
hsa-mir-512-2,-36.48,11.14,25.34
hsa-mir-515-1,-36.48,11.14,25.34
hsa-mir-515-2,-36.48,11.14,25.34
hsa-mir-516a-1,-36.48,11.14,25.34
hsa-mir-516a-2,-36.48,11.14,25.34
hsa-mir-516b-1,-36.48,11.14,25.34
hsa-mir-516b-2,-36.48,11.14,25.34
hsa-mir-517a,-36.48,11.14,25.34
hsa-mir-517b,-36.48,11.14,25.34
hsa-mir-517c,-36.48,11.14,25.34
hsa-mir-518a-1,-36.48,11.14,25.34
hsa-mir-518a-2,-36.48,11.14,25.34
hsa-mir-518b,-36.48,11.14,25.34
hsa-mir-518c,-36.48,11.14,25.34
hsa-mir-518d,-36.48,11.14,25.34
hsa-mir-518e,-36.48,11.14,25.34
hsa-mir-518f,-36.48,11.14,25.34
hsa-mir-519a-1,-36.48,11.14,25.34
hsa-mir-519a-2,-36.48,11.14,25.34
hsa-mir-519b,-36.48,11.14,25.34
hsa-mir-519c,-36.48,11.14,25.34
hsa-mir-519d,-36.48,11.14,25.34
hsa-mir-519e,-36.48,11.14,25.34
hsa-mir-520a,-36.48,11.14,25.34
hsa-mir-520b,-36.48,11.14,25.34
hsa-mir-520c,-36.48,11.14,25.34
hsa-mir-520d,-36.48,11.14,25.34
hsa-mir-520e,-36.48,11.14,25.34
hsa-mir-520f,-36.48,11.14,25.34
hsa-mir-520g,-36.48,11.14,25.34
hsa-mir-520h,-36.48,11.14,25.34
hsa-mir-521-1,-36.48,11.14,25.34
hsa-mir-521-2,-36.48,11.14,25.34
hsa-mir-522,-36.48,11.14,25.34
hsa-mir-523,-36.48,11.14,25.34
hsa-mir-524,-36.48,11.14,25.34
hsa-mir-525,-36.48,11.14,25.34
hsa-mir-526a-1,-36.48,11.14,25.34
hsa-mir-526a-2,-36.48,11.14,25.34
hsa-mir-526b,-36.48,11.14,25.34
hsa-mir-527,-36.48,11.14,25.34
hsa-mir-641,-34.12,7.8,26.31
hsa-mir-642,-34.92,10.91,24.02
hsa-mir-643,-34.88,10.73,24.15
hsa-mir-769,-34.66,10.63,24.02
hsa-mir-935,-37.02,11.65,25.37
hsa-mir-99b,-34.68,10.56,24.12
