,log_rank,p_value,long_survival
A1BG,42.65060466824425,6.544419520744208e-11,low
ACPT,1.05517529805692,0.30431817277276424,low
ACTN4,83.95078003793715,5.0724751389167124e-20,low
ADCK4,50.43521386242608,1.2316427789030664e-12,low
AKT1S1,26.921534413807358,2.1188486774398513e-07,low
AKT2,73.04776539770074,1.2654979960504334e-17,low
ALDH16A1,38.71646319547834,4.900581958602588e-10,low
ALKBH6,54.57057174862609,1.49964567737218e-13,low
ANKRD27,1.3208086192204822,0.25044698038236,high
AP2A1,0.4534391263904722,0.5007062765740109,low
AP2S1,105.15561619829627,1.1291086913518193e-24,low
APLP1,10.129468197012077,0.0014591750142938914,low
APOC1,16.77607728493008,4.2060225927932437e-05,low
APOC1P1,9.825114270418847,0.0017214500571351085,low
APOC2,61.78541805233784,3.8300013708400786e-15,low
APOC4,2.0530770506214076,0.15189892057062185,low
APOE,24.856244630043648,6.176862621411271e-07,high
ARHGAP33,11.144931988987118,0.0008426156219213219,high
ARHGEF1,21.80875040099379,3.0122322083576445e-06,low
ASPDH,26.079481516360556,3.2764745346168433e-07,low
ATF5,96.85309447894788,7.46667519787613e-23,low
ATP1A3,74.52764759626277,5.979497022831186e-18,high
ATP4A,4.55521587433532,0.032818626372112684,low
ATP5SL,76.63894379413343,2.0525195341423905e-18,low
AURKC,31.470040391142106,2.0254134031217942e-08,low
AXL,15.923162548615974,6.596647318080469e-05,low
B3GNT8,62.53732588372835,2.6144237424317206e-15,low
B9D2,49.04142466796528,2.5061347981243553e-12,low
BAX,77.64882869086551,1.2308927495923442e-18,low
BBC3,3.9402256452223403,0.04714445341615633,low
BCAM,51.28164302227143,8.002042447579866e-13,low
BCAT2,53.17975801769424,3.0437923133751325e-13,low
BCKDHA,1.5143106114904616,0.218482501757432,high
BCL2L12,120.86864873931535,4.082892804778688e-28,low
BCL3,91.94758222287619,8.90030419613119e-22,low
BIRC8,0.00370988780749843,0.9514318025663746,low
BLOC1S3,22.370953951656098,2.2474745676035375e-06,low
BLVRB,44.479747886879714,2.5700204102562012e-11,low
BRSK1,15.649121193054555,7.624800504760785e-05,low
BSPH1,0.04433149284102718,0.8332380790360319,high
C19orf12,30.42224360361004,3.475203194256794e-08,low
C19orf18,10.852763130565526,0.0009864845067060729,low
C19orf33,0.3948066380967438,0.5297835877430386,low
C19orf40,102.24225740502419,4.913061677311205e-24,low
C19orf46,2.9561813580758276,0.08554976448747718,low
C19orf47,47.42807722866955,5.705952110977664e-12,low
C19orf48,88.69957554404616,4.595638234204583e-21,low
C19orf51,29.983254473667138,4.357935422922598e-08,low
C19orf54,16.258807601621932,5.52521499524706e-05,low
C19orf55,61.6555029297564,4.091221340172079e-15,low
C19orf63,42.34237960258304,7.661427026679831e-11,low
C19orf69,57.01183859606334,4.331962935112154e-14,low
C19orf73,0.22694215993155042,0.6338004990668868,low
C19orf75,0.042406273410883114,0.836847281867834,low
C19orf76,5.7633085038380845,0.01636422996806226,low
C5AR1,64.534534575887,9.48551479618814e-16,low
CA11,36.15428319857995,1.8229736152245508e-09,high
CABP5,5.686417652699683,0.017096721313512683,high
CACNG6,1.9288248649934776,0.16488706792071123,high
CACNG7,33.09995223954216,8.754087182536604e-09,high
CACNG8,9.903939987498532,0.0016492529684252054,high
CADM4,11.520055014130625,0.0006884935208120434,same
CALM3,5.984009292373333,0.014436148923620896,high
CAPN12,30.771005834124697,2.9034376861712082e-08,low
CAPNS1,104.64159265854029,1.4635219030070758e-24,low
CARD8,20.224641615447954,6.886019666274501e-06,low
CATSPERG,18.95921157298939,1.335429614810832e-05,low
CBLC,0.5714043119187672,0.4497014192790929,low
CCDC106,5.194213835470541,0.022662203395998684,low
CCDC114,10.855146659480447,0.0009852155986443474,low
CCDC155,0.04570141050373184,0.8307194937714962,high
CCDC61,29.783367999174178,4.831189067793055e-08,low
CCDC8,119.33829289969265,8.830863680070513e-28,low
CCDC9,17.19241068327081,3.377831073240112e-05,low
CCDC97,20.176348609337655,7.062072569792499e-06,low
CCNE1,48.749107216241654,2.908909417956011e-12,low
CD177,1.5664211141971112,0.21072751681776755,same
CD22,2.1475158092756894,0.14280077923837073,low
CD33,39.8796287037378,2.7010564322030344e-10,low
CD37,27.186327028288336,1.8476071234123944e-07,low
CD3EAP,27.8229254347392,1.3294145249006346e-07,low
CD79A,0.6922705082815962,0.40539316875225007,low
CDC42EP5,43.57454827396467,4.081124896751604e-11,low
CEACAM1,87.38074489281149,8.951774844448957e-21,low
CEACAM16,2.2252594329437527,0.13576984973771825,low
CEACAM18,0.0016972119195213685,0.9671386603929291,same
CEACAM19,0.27236634939352805,0.6017488043054969,low
CEACAM20,0.023387754925991825,0.8784530392146466,same
CEACAM21,8.349616872326669,0.0038576866520105965,low
CEACAM22P,10.918327238594467,0.0009521754688397201,low
CEACAM3,15.039794104257002,0.00010526794401419575,low
CEACAM4,29.30099846433952,6.196375583615603e-08,low
CEACAM5,0.49218012172473163,0.48295641057193306,high
CEACAM6,1.4241678580453807,0.232718610449482,low
CEACAM7,0.23984576549309464,0.6243175332373913,same
CEACAM8,17.670137248510542,2.6271899332381057e-05,same
CEBPA,33.74104790077987,6.295809834463306e-09,low
CEBPG,37.80691165131286,7.810456257902934e-10,low
CGB,0.4675969924246268,0.49409474647959395,high
CGB1,0.010867851785529485,0.9169717578334312,high
CGB2,0.2717657752072042,0.6021497275413312,high
CGB5,0.12174536826152468,0.72714915267737,low
CGB7,24.618036095673233,6.989448996754661e-07,low
CGB8,0.018938284811048495,0.890543561188612,same
CHMP2A,41.375776694055446,1.2560422164280313e-10,low
CHST8,7.413806932380138,0.0064725220647660715,low
CIC,0.1956427535554153,0.6582611190166938,low
CKM,59.380826710283365,1.2992883726917431e-14,low
CLC,0.6051751100182851,0.4366102717679118,low
CLDND2,1.3089207913525338,0.2525901449377092,low
CLEC11A,67.39440837403183,2.222784735699652e-16,low
CLIP3,72.0580045705566,2.089638218320705e-17,high
CLPTM1,15.231976941336372,9.507977113961979e-05,low
CNFN,12.615725354023969,0.0003825150746812497,low
CNOT3,43.34946547638759,4.5786129756763256e-11,low
CNTD2,32.39748648308465,1.2564889146637362e-08,low
COX6B1,57.49832353525053,3.382674825245406e-14,low
COX6B2,31.938710613779307,1.5911442497622828e-08,low
COX7A1,3.770941189597212,0.05215028053445935,low
CPT1C,0.20077755993064164,0.6540939527575513,low
CRX,0.0181522854287605,0.8928250226804246,low
CTU1,48.41522135670438,3.448808176108264e-12,low
CXCL17,0.036327195512168176,0.8488413837120783,low
CYP2A13,1.3388647552857955,0.24723427014491745,high
CYP2A6,98.03075251279058,4.119352380482648e-23,high
CYP2A7,31.182857294511454,2.3483069871783076e-08,high
CYP2B6,0.4118310450661944,0.5210415992932051,high
CYP2B7P1,27.307333722672126,1.7355192065943656e-07,high
CYP2F1,4.9603747560155425,0.02593458627586358,high
CYP2S1,82.47843780095033,1.0682917972039975e-19,low
CYTH2,4.415526307972998,0.03561329092104289,low
DACT3,27.96348267767578,1.2362655851293487e-07,high
DBP,48.56777730815803,3.190688636256527e-12,high
DEDD2,90.51451183759579,1.8362516393520247e-21,low
DHDH,8.713349914060402,0.00315888206802256,low
DHX34,44.33965544356283,2.7606694292205623e-11,low
DKFZp434J0226,69.68108010265038,6.971158396429977e-17,high
DKFZp566F0947,0.002451161520327108,0.9605135005365625,low
DKKL1,50.31522249165023,1.3092996282675667e-12,low
DLL3,102.482661397995,4.3515971078298085e-24,high
DMKN,8.263116970638587,0.0040458603564643035,high
DMPK,3.713893015122343,0.05396139508405591,low
DMRTC2,6.573098914569472e-06,0.997954381373218,high
DMWD,1.4592271271108566,0.2270531329388751,low
DPF1,8.4037894183599,0.003744396597001351,high
DPRX,0.07543515102906109,0.7835816116508699,high
DPY19L3,0.282745003791573,0.5949076625760898,high
DUXA,0.00876028162541479,0.925429788404611,high
DYRK1B,0.20471795726165387,0.6509392980943243,low
ECH1,1.4403767126236369,0.23007838988817927,high
EGLN2,48.21816467383908,3.8133935177976336e-12,low
EHD2,100.9055716794698,9.647477871475991e-24,low
EID2,29.02268537232106,7.153565974979865e-08,low
EID2B,10.468229882167625,0.0012144502874645554,low
EIF3K,40.13199182832123,2.373696048535041e-10,low
ELSPBP1,3.7734306033426406e-05,0.9950987651388814,low
EML2,0.5395040171096694,0.46263835053635893,low
EMP3,149.32653914950862,2.433124799638863e-34,low
EPN1,5.61369782057499,0.017820618154116567,low
EPS8L1,79.1043169878588,5.891545091958591e-19,low
ERCC1,46.972906108045365,7.1974847804605905e-12,low
ERCC2,5.950461510749468,0.014713433562564696,low
ERF,46.87766764586657,7.555882496225007e-12,low
ETFB,0.01188790408161502,0.9131773746102035,low
ETHE1,88.74522780866546,4.490794940298937e-21,low
ETV2,81.37237350527741,1.8695318425057295e-19,low
EXOC3L2,80.90531711764143,2.3679567454511407e-19,low
EXOSC5,0.14303260752528435,0.7052846106713555,low
FAM187B,3.1885588721787474,0.07415535831322538,high
FAM71E1,9.48948623170972,0.002066526809305323,low
FAM71E2,8.244870297136005,0.004086732902827124,low
FAM83E,0.6667252722994064,0.41419566122071805,low
FAM98C,11.428035314020738,0.0007234414307447248,low
FBL,4.739618554943753,0.029475605947952753,low
FBXO17,132.91061915045944,9.457529543675826e-31,low
FBXO27,1.2212349663955369,0.2691184254760836,high
FBXO46,1.5734222327448173,0.20971071779775965,high
FCAR,25.532498441577346,4.349939079106654e-07,low
FCGBP,75.44741830760441,3.7526858987176684e-18,low
FCGRT,47.58931165664354,5.255423801425308e-12,low
FFAR1,4.690436627443916,0.030330939129657408,low
FFAR2,17.65431455497299,2.649136440490029e-05,low
FFAR3,0.09882552276049729,0.7532436308284315,low
FGF21,0.5284989636723003,0.46723861077922535,same
FIZ1,16.234595384032552,5.596277193574481e-05,low
FKBP1AP1,25.59320163348612,4.2152188999624887e-07,high
FKRP,57.12275914521208,4.094399509151461e-14,low
FLJ26850,40.1339712825158,2.3712920255690196e-10,low
FLT3LG,34.09545626297535,5.247365240805821e-09,low
FOSB,0.9149514517589132,0.3388040572155471,low
FOXA3,7.258622670360021,0.007056138656592876,high
FPR1,41.73427593759376,1.0455977750704109e-10,low
FPR2,43.846318505005456,3.551986508793363e-11,low
FPR3,64.02212408328651,1.2302982008497215e-15,low
FTL,80.1359462750638,3.4951576408023025e-19,low
FUT1,1.0901101368932837,0.296446807385339,high
FUT2,0.8782442655225501,0.34868301220561904,low
FUZ,7.224724505214037,0.007190620692799232,low
FXYD1,4.3372686022145315,0.03728669519105639,low
FXYD3,23.514242962675855,1.2399245854034127e-06,low
FXYD5,74.9182361693626,4.906173298048391e-18,low
FXYD7,7.969701596815384,0.004756677952929614,high
GALP,1.014226099404002,0.3138925207979121,low
GAPDHS,0.7548991499347897,0.38492954988174855,low
GEMIN7,107.33536788077461,3.758665479830063e-25,low
GGN,64.49333226628059,9.685957450141022e-16,low
GIPR,13.257869291156087,0.000271437995525411,low
GLTSCR1,9.528842230940308,0.0020226767917242094,low
GLTSCR2,60.00426209209005,9.465218748575389e-15,high
GMFG,55.98739795219518,7.293704023959413e-14,low
GNG8,5.781570956512564,0.016195060387633377,low
GP6,7.26233103535571,0.0070415834782045494,high
GPATCH1,6.965490576822126,0.00830966469723092,high
GPI,52.875261960798404,3.5541789088273175e-13,low
GPR32,0.0025043952896761468,0.9600873782144929,high
GPR4,52.380761874902355,4.571807344443475e-13,low
GPR77,16.957243869906133,3.823116353673902e-05,low
GRAMD1A,4.858536928675232,0.027509655297826088,high
GRIK5,0.03315737958848078,0.8555107787042633,low
GRIN2D,22.108424069035223,2.5767649310582504e-06,high
GRWD1,77.52869270885972,1.308083533525342e-18,low
GSK3A,13.734136753892754,0.0002105918466375942,low
GYS1,65.06523424297205,7.245921206165942e-16,low
HAMP,63.5811681484164,1.5389333432946416e-15,low
HAS1,4.267211825821194,0.03885463511565485,low
HAUS5,39.89305272555388,2.6825563934760935e-10,low
HCST,44.940975768963376,2.0306386966266803e-11,low
HIF3A,0.9455575927691895,0.33085265752984455,low
HIPK4,5.917216664598444,0.014993626275172483,high
HKR1,34.0821826379952,5.283282350702252e-09,low
HNRNPL,12.00488847340786,0.0005306118640185281,low
HNRNPUL1,1.3403705380190265,0.24696863366563196,high
HPN,1.9768162432359417,0.15972621108380336,low
HRC,2.498005258226733,0.11399059653668399,high
HSD17B14,13.74441391224995,0.00020944275140034213,low
HSPB6,87.0501613979173,1.0580340620972799e-20,low
HSPBP1,27.78390802064447,1.3564972051186052e-07,low
IGFL1,11.724298636814423,0.0006168929372201441,high
IGFL2,2.634638250255878,0.10455587339106251,same
IGFL3,38.86816572638046,4.5341480355249373e-10,low
IGFL4,34.174029012494,5.0397074865984625e-09,high
IGLON5,7.5679235010495844,0.005941619810977891,high
IL11,23.69984168398124,1.1259179808537604e-06,low
IL28A,0.009370637435630444,0.922883593655986,low
IL28B,0.03195703497799408,0.858121987440402,same
IL29,0.13689636344884445,0.7113861520239066,low
IL4I1,68.96036787917616,1.0046213242579422e-16,low
IRF2BP1,6.869510887953816,0.008767864537803037,low
IRF3,50.562762121898224,1.154142378252283e-12,low
IRGC,2.527790028112816,0.1118567791986894,high
IRGQ,0.17259077176736934,0.6778194965743906,low
ISOC2,36.73630038996383,1.3523763384608037e-09,low
ITPKC,80.70747833110084,2.617297821832248e-19,low
IZUMO1,21.981576138428505,2.7528032822405594e-06,high
JOSD2,34.06327081831242,5.3348815610696715e-09,low
KCNA7,0.1973309258880151,0.6568839264142029,low
KCNC3,19.316617204812808,1.107384031790542e-05,low
KCNJ14,5.936790710357914,0.014827994737122981,low
KCNK6,20.10032433461653,7.348421318265336e-06,low
KCNN4,73.57227825259201,9.701771938336912e-18,low
KCTD15,6.9513563195535095,0.008375570916253726,high
KDELR1,106.51867282006495,5.675519780751694e-25,low
KIAA0355,6.237866072673263,0.012504705596389058,high
KIR2DL1,0.08995141774066477,0.7642389269820136,low
KIR2DL3,0.12658900292638364,0.7219952295704017,high
KIR2DL4,6.943298322301102,0.00841338344630328,high
KIR2DS4,0.017935365668135257,0.8934634753259586,high
KIR3DL1,0.08078653389820475,0.7762343407780736,low
KIR3DL2,0.7185894101794947,0.39660699830143886,high
KIR3DL3,0.03089442865930983,0.860476123706691,low
KIR3DX1,1.3550868501668056,0.24439079161458507,high
KIRREL2,11.746777272013452,0.0006094868036332881,low
KLC3,4.4231839164003945,0.035453822965172174,low
KLK1,7.165695755206065,0.007431086284443613,high
KLK10,15.665090542556698,7.560687589896903e-05,low
KLK11,0.9137271968648569,0.33912741401661517,same
KLK12,0.1462637650996889,0.7021317177203903,low
KLK13,5.036928960202694,0.024812439901482727,low
KLK14,12.318625584321829,0.00044846078935751596,low
KLK15,0.725301363817789,0.394410452145348,high
KLK2,0.68315125232233,0.40850370925201673,high
KLK3,1.334504085751485,0.24800551418969008,high
KLK4,3.783881602641067,0.05174848239927524,high
KLK5,19.206519241349408,1.1731207632200558e-05,high
KLK6,3.6979278096223234,0.054480088728579026,low
KLK7,23.19550775784751,1.4633877481042626e-06,high
KLK8,0.41638523138518574,0.5187462767283297,low
KLK9,0.01699305713676501,0.8962836524146033,low
KLKP1,0.018472542326594288,0.891889480285464,low
KPTN,8.100387479524741,0.004425579672176308,low
KRTDAP,0.09316602281826845,0.7601901494762588,same
LAIR1,59.83719406701761,1.030376045437969e-14,low
LAIR2,6.329065700992685,0.011877487349650362,low
LENG1,5.512529134137268,0.01888072566379355,low
LENG8,4.45913061123579,0.03471516178541272,low
LENG9,67.80338896882435,1.8063874246655276e-16,low
LEUTX,0.0006254426635621184,0.9800479031789255,same
LGALS13,0.080671961704154,0.776388846204919,low
LGALS14,0.1816339280858355,0.6699728126024989,low
LGALS4,0.03452077111373702,0.8526034382562349,low
LGALS7,18.433103996965365,1.759741658174937e-05,low
LGALS7B,1.5577260225202976,0.21199848513388111,low
LGI4,3.0714840652387334,0.07967670413285427,low
LHB,6.988175563943984,0.008204994624988544,low
LIG1,67.42546079159499,2.1880497825389008e-16,low
LILRA1,12.623983269447217,0.00038082895986775065,high
LILRA2,45.32498546728408,1.6690619727015914e-11,low
LILRA3,18.21552443571934,1.9726435160977436e-05,low
LILRA4,1.5768848601978644,0.20920997544205627,high
LILRA5,64.10596481966685,1.1790403619373397e-15,low
LILRA6,93.40202440477218,4.268139695025902e-22,low
LILRB1,27.142357331868194,1.8901093229349622e-07,low
LILRB2,47.414780702461,5.7447876479301514e-12,low
LILRB3,69.20844866151141,8.858774715503052e-17,low
LILRB4,14.794145819759771,0.00011990716099787855,low
LILRB5,11.787902301902825,0.0005961687458584618,high
LILRP2,0.08606693100035481,0.7692380848315845,high
LIM2,0.013188074064066819,0.9085724663251468,low
LIN37,5.367852722421896,0.020511212773353455,low
LIN7B,1.9530876141307731,0.16225451907817082,low
LIPE,36.725570240455966,1.3598404674250076e-09,high
LMTK3,45.05778639019607,1.913050902428371e-11,high
LOC100101266,4.3999795629732175,0.03593936125560949,low
LOC100128675,1.1987851828904854,0.27356461633292806,low
LOC100129935,6.789144324707033e-05,0.9934258036956345,same
LOC100131691,14.369190175809491,0.00015024057184598,low
LOC147804,24.40227590938009,7.817628345158459e-07,low
LOC148145,89.34435488486425,3.3173744159329684e-21,high
LOC148189,5.170612274622681,0.022972117867581285,high
LOC284379,0.006248100600494786,0.9369968876694277,low
LOC80054,3.3436226084093983,0.06746592120118716,low
LRFN1,1.9141411143015823,0.16650398165307356,low
LRFN3,5.456925439467322,0.01949091312740415,low
LRP3,0.04300562980474203,0.8357146721642552,low
LRRC4B,0.13665885365015956,0.7116254192743416,low
LSM14A,17.66088067501819,2.6400067786548474e-05,high
LSR,43.68710793611212,3.853016008598729e-11,high
LTBP4,2.205423986576823,0.1375260774124496,low
LYPD3,4.111986920795155,0.0425803098779327,low
LYPD4,0.06735838993149056,0.7952225198786482,high
LYPD5,9.590510452345793,0.001955855645573602,high
MAG,6.7673402207681,0.009284109788319918,low
MAMSTR,0.6313136823361682,0.426873855718635,low
MAP3K10,15.414240183725449,8.633523499035418e-05,high
MAP4K1,22.88585609217981,1.7191221097504608e-06,low
MARK4,0.6183064218184428,0.43167732722739105,low
MBOAT7,48.827480428622586,2.794961743670945e-12,low
MED25,1.7468796317083546,0.18626948746635041,low
MED29,0.006630432075465118,0.9351020076239428,high
MEGF8,0.08673424681155965,0.7683706789986351,low
MEIS3,18.707561783316635,1.5237701326475637e-05,low
MGC2752,59.130469840091884,1.4755661206900413e-14,low
MIA,45.870292942792894,1.2634749408060939e-11,low
MIMT1,8.74670905258799,0.003101612803265319,high
MLL4,0.01776388571853504,0.8939709730827765,high
MRPS12,116.88688169223164,3.0391637878652484e-27,low
MYADM,49.774163723997056,1.725005776147872e-12,low
MYBPC2,6.542364952372233,0.010533522763308639,low
MYH14,48.60974503920912,3.123134721954484e-12,high
MYPOP,14.826942137464911,0.00011783994206809548,low
MZF1,8.329748912838593,0.003900104801997094,low
NANOS2,1.147319223861541,0.2841110338407228,low
NAPA,28.094986489282725,1.1550469021988097e-07,low
NAPSA,13.604759096049468,0.00022561285113925042,high
NAPSB,60.28557844752826,8.204633463659402e-15,low
NAT14,39.37551124645153,3.496546621304786e-10,low
NCCRP1,4.240821353128033,0.0394630710200959,low
NCR1,7.976349491524315,0.004739241329797229,low
NDUFA3,54.22602977482585,1.7870384142774537e-13,low
NFKBIB,20.900445499098254,4.837820688288329e-06,low
NFKBID,7.720101306432024,0.005460933188602621,low
NKG7,57.24793051218265,3.8419315567592937e-14,low
NKPD1,41.78975438141551,1.0163460246603676e-10,high
NLRP11,2.8726421905137403,0.09009684522971798,low
NLRP12,55.5286992962626,9.210446617637192e-14,low
NLRP13,0.013411977132529214,0.9078030530242718,same
NLRP2,0.10160646724459116,0.749910261603965,low
NLRP4,0.8031007748841844,0.37016790283834533,high
NLRP5,0.004849281704310823,0.9444827584891693,high
NLRP7,3.028778583175966,0.0817995728857762,low
NLRP8,0.005941485362761881,0.9385590830502291,high
NLRP9,11.479884358617536,0.0007035350739954642,low
NOSIP,17.37921417164384,3.061558615287574e-05,low
NOVA2,8.85058963208114,0.002929942252273762,high
NPAS1,4.13156785680064,0.042090337562253374,low
NPHS1,39.77720960675813,2.846472724925533e-10,high
NR1H2,1.5707463393859489,0.21009866024565607,low
NTF4,14.026806835181088,0.00018022292256729137,low
NTN5,0.2564071862116395,0.6125992806514579,high
NUCB1,98.3721175706475,3.467067255805061e-23,low
NUDT19,113.84995991765669,1.40551235113887e-26,low
NUMBL,32.213371493483486,1.3813680721573502e-08,low
NUP62,52.359955684287435,4.620502188891124e-13,low
OPA3,70.05377168177648,5.770968251268006e-17,low
OSCAR,54.77797865661174,1.3494436975096172e-13,low
PAF1,0.01406524175612881,0.9055946644538745,low
PAFAH1B3,7.490039807181281,0.006204118462556886,low
PAK4,29.066615897091427,6.993172391057099e-08,low
PAPL,0.03180412731224245,0.8584582308247988,low
PDCD2L,32.934463737908956,9.531844005250528e-09,low
PDCD5,54.15664094876718,1.8512714325493185e-13,low
PEG3,25.283618581427866,4.948940440365769e-07,high
PEPD,44.447933014599684,2.6121261479243887e-11,low
PGLYRP1,0.8543052328189807,0.35533725445960973,low
PHLDB3,16.38813807992432,5.1607184912396974e-05,low
PIH1D1,8.558907513638461,0.0034383569373906586,low
PLA2G4C,16.80823520741552,4.135345332984355e-05,high
PLAUR,110.53725006695737,7.472794650416651e-26,low
PLD3,35.797067432392566,2.189772574479086e-09,low
PLEKHA4,105.27754825330727,1.061723590206357e-24,low
PLEKHF1,36.80747833931933,1.3038913315675321e-09,low
PLEKHG2,30.423413514307786,3.473107973894569e-08,low
PNKP,57.336573066952916,3.672619923339132e-14,low
PNMAL1,30.068583369387525,4.170328945887029e-08,high
PNMAL2,83.35835735540162,6.844881423359061e-20,high
POLD1,70.9252310525754,3.7102257838574277e-17,low
POLR2I,43.15644454624588,5.053317456760801e-11,low
POP4,113.0347768950063,2.120232269832572e-26,low
POU2F2,4.224551388402166,0.03984315050512625,same
PPFIA3,59.795980682388844,1.0521801656485508e-14,high
PPM1N,0.7031076309411143,0.40174145129597316,low
PPP1R12C,0.8911802140088578,0.3451576814203966,low
PPP1R13L,8.548363354878973,0.0034583301967073474,low
PPP1R14A,2.2576705943873954,0.13295391513424312,low
PPP1R15A,54.16295937518845,1.8453281074954522e-13,low
PPP2R1A,0.027477270927767937,0.8683437052788286,low
PPP5C,27.972759538422594,1.2303529709162528e-07,low
PRG1,0.006614182768087641,0.9351814042993016,same
PRKCG,33.9333487893415,5.703270070286892e-09,high
PRKD2,73.86149249379132,8.379512158426422e-18,low
PRMT1,70.19621270349577,5.368941813467688e-17,low
PRODH2,0.24678294983443427,0.6193494663816697,high
PRPF31,28.871110133683707,7.735816402794015e-08,low
PRR12,6.290736586869169,0.012137060160129295,high
PRR19,37.16484195409361,1.0855337749532066e-09,low
PRR24,82.18613154281945,1.23855886699593e-19,low
PRRG2,29.797889072855156,4.795138078232035e-08,low
PRX,30.67628179038402,3.048689916870708e-08,high
PSENEN,51.20206411600106,8.333096030034587e-13,low
PSG1,0.49617182122942827,0.4811870375785934,low
PSG11,1.1138249968078393,0.2912519879814569,low
PSG2,0.00317562887851628,0.9550608222595794,low
PSG3,0.067209514823492,0.7954439139326864,low
PSG4,0.03543436756060878,0.8506883717919225,same
PSG5,0.07722816624496107,0.7810894605715201,high
PSG6,0.005647818493986422,0.9400937991503334,same
PSG7,0.15347559706791827,0.6952358361395016,high
PSG8,0.01746612570669639,0.8948581575279174,low
PSG9,0.0005434002203489997,0.981402240152134,high
PSMC4,98.3566947593051,3.494175183369826e-23,low
PSMD8,120.79404392421336,4.239358538723151e-28,low
PTGIR,91.74404832967947,9.86445124600656e-22,low
PTH2,0.07574996458690206,0.783141756679027,low
PTOV1,1.2159849755650889,0.27015004377071083,low
PTPRH,1.3480135380497278,0.24562569316455274,low
PVR,41.215596107534395,1.3633040281142083e-10,low
PVRL2,94.20403556888151,2.846198147274152e-22,low
QPCTL,82.41174623108282,1.1049520081459718e-19,low
RAB4B,3.4849592093358037,0.061928887576776524,low
RABAC1,41.595525653364966,1.1224987664801553e-10,low
RASGRP4,23.121638924994535,1.5206966453038901e-06,low
RASIP1,0.23014943270562518,0.6314130485329534,low
RBM42,25.36582612360949,4.7424552413480224e-07,low
RCN3,50.42369847018129,1.2388909763339616e-12,low
RDH13,8.649423238882749,0.003271649054569114,low
RELB,68.88191341451841,1.0453916927304554e-16,low
RFPL4A,0.08725210480340342,0.7677000407209518,low
RGS9BP,6.89824904266244,0.008628021188637558,low
RHPN2,51.2303821245625,8.213749105750956e-13,low
RINL,121.14179020895045,3.557735741576691e-28,low
RPL13A,103.9133151121257,2.1136422093209804e-24,high
RPL18,0.3302347314175702,0.5655209023955043,high
RPL28,15.859413432916334,6.822630571144597e-05,low
RPS11,1.7153951853390847,0.19028686640888237,high
RPS16,0.03229205097934223,0.8573881786838843,high
RPS19,18.509368644788907,1.690711838186424e-05,low
RPS5,22.899314793854597,1.7071269803022232e-06,low
RPS9,0.22997786186724148,0.6315402440665597,low
RRAS,53.1988065984502,3.0144187640244494e-13,low
RSPH6A,0.691868670070919,0.4055295031423798,low
RTN2,18.811684845821635,1.4428047840156553e-05,high
RUVBL2,47.334001516754526,5.986472927779147e-12,low
RYR1,45.259402133337346,1.725899778382836e-11,high
SAE1,51.71409048402621,6.420034738341183e-13,low
SAMD4B,3.7598923490349945,0.05249595822054481,low
SARS2,26.833089238757882,2.2180677943820512e-07,low
SBK2,1.9393697000327312,0.16373698742951048,low
SBSN,12.303357332538171,0.0004521442521067418,low
SCAF1,0.3296004946582296,0.5658944260311578,low
SCN1B,7.40377447586617,0.0065087168356266975,low
SDHAF1,17.077878571244025,3.5877786867988724e-05,low
SEC1,34.82707134135619,3.6032817198972904e-09,high
SELV,6.6373603213475665,0.009986179392548354,low
SEPW1,5.399633088379838,0.020140985315519368,low
SERTAD1,97.29310262763968,5.978823537495303e-23,low
SERTAD3,67.95753249622074,1.6705501605539662e-16,low
SHANK1,47.13078349683458,6.6404515670058105e-12,high
SHISA7,99.70210112026365,1.771332064043867e-23,high
SHKBP1,54.857642586511055,1.2958388081490147e-13,low
SIGLEC10,28.043091773185207,1.1864388401473885e-07,low
SIGLEC11,8.929852294052115,0.0028054703341221674,low
SIGLEC12,0.19363604476228688,0.6599074429106577,low
SIGLEC14,42.983792223673625,5.5195240449040236e-11,low
SIGLEC16,20.5783175631272,5.724076159428529e-06,low
SIGLEC5,33.501415734476076,7.1212137582825405e-09,low
SIGLEC6,0.0344397498616406,0.852774532945936,high
SIGLEC7,80.95303639736434,2.3114611617972564e-19,low
SIGLEC8,0.6979084120188319,0.40348739183484084,high
SIGLEC9,64.49169316699081,9.694018460755696e-16,low
SIGLECP3,37.123798359797604,1.1086241322697408e-09,low
SIPA1L3,16.678881742111525,4.427109712496376e-05,low
SIRT2,26.741537814109176,2.325679688111861e-07,high
SIX5,38.87975643109725,4.507305857207167e-10,low
SLC17A7,24.434987779443865,7.686008461190053e-07,high
SLC1A5,46.096229859945055,1.1258489955477442e-11,low
SLC27A5,15.619759718013713,7.744110163102001e-05,low
SLC6A16,2.773797980561953,0.09581856560233322,low
SLC7A10,0.6615026541880397,0.4160299505940862,low
SLC7A9,18.43464771847424,1.7583166891586774e-05,low
SLC8A2,79.58502287999235,4.61913774801146e-19,high
SNAR-A13,0.0,1.0,same
SNAR-A2,0.0,1.0,same
SNAR-A3,0.03134851332403256,0.8594650988070582,low
SNAR-A4,0.0,1.0,same
SNAR-B2,0.06024075155916479,0.8061158267537525,high
SNAR-C2,0.0,1.0,same
SNAR-C3,0.0,1.0,same
SNAR-C4,0.0,1.0,same
SNAR-D,0.001159477501739968,0.972836401335993,same
SNAR-E,0.0,1.0,same
SNAR-F,0.005366574155391537,0.9416016842050249,low
SNAR-G1,0.036533811651949515,0.8484173197312642,low
SNAR-G2,0.00027113848185929485,0.9868624005620372,same
SNORD23,0.0025384406339329056,0.9598172310992679,low
SNORD32A,0.0,1.0,same
SNORD33,0.0,1.0,same
SNORD34,0.0,1.0,same
SNORD35A,0.0,1.0,same
SNORD35B,0.0,1.0,same
SNORD88A,0.0,1.0,same
SNORD88B,0.0020932372173319215,0.9635079893476,low
SNORD88C,0.0,1.0,same
SNRNP70,0.2653700858365552,0.6064546053331513,low
SNRPA,18.353152496264332,1.8351508268894523e-05,low
SNRPD2,106.20837734417887,6.63754604775494e-25,low
SPACA4,1.8802672846615327,0.17030377220434353,low
SPHK2,0.036648513753546254,0.848182438776896,low
SPIB,21.015092172443946,4.556797043985378e-06,low
SPINT2,1.4406392131914896,0.23003592987224009,low
SPRED3,47.59971593431249,5.227605749820791e-12,low
SPTBN4,47.031745628460975,6.9846167290561204e-12,high
SRRM5,45.302193582522634,1.6885989596923926e-11,low
SSC5D,37.41423851889309,9.55222114428815e-10,low
STRN4,28.7539563317558,8.218186366999145e-08,low
SULT2A1,0.04711019628693806,0.8281702880129327,same
SULT2B1,27.366047360647315,1.6836145933856273e-07,low
SUPT5H,7.957564256849926,0.004788681485082116,high
SUV420H2,9.635361475636689,0.0019086663858662708,low
SYCN,0.004993743624341701,0.9436632429646611,low
SYMPK,17.299861193358762,3.1921016874957156e-05,high
SYNGR4,5.71330730218263,0.016836790163520514,low
SYT3,44.03890811135266,3.219128961217743e-11,high
SYT5,15.631820976979391,7.694873886783718e-05,high
TARM1,0.0011086569417919534,0.9734381444555213,same
TBC1D17,31.48623070619443,2.008595500047157e-08,low
TBCB,26.34684704472254,2.852842423393068e-07,low
TDRD12,38.281884222396975,6.122842646383768e-10,high
TEAD2,98.36205053281155,3.484737657958944e-23,low
TEX101,0.08627257082166064,0.7689703971273322,high
TFPT,7.771026366255533,0.005309087443749131,low
TGFB1,44.765397520257615,2.2211340021424e-11,low
THAP8,0.06305363623967179,0.8017330608138465,low
TIMM50,0.23808957279176501,0.6255893435835799,low
TMC4,13.253242815773259,0.0002721087352605005,low
TMEM143,14.758615627959873,0.00012218792231464008,low
TMEM145,22.69518279565275,1.8984320034481656e-06,high
TMEM147,94.13098632124047,2.9531983842594232e-22,low
TMEM150B,33.63197891735074,6.65889374798515e-09,low
TMEM160,34.737360416408265,3.773205107077226e-09,low
TMEM190,9.250597156757857,0.002354186459434868,low
TMEM86B,13.345880412040021,0.00025899093877337117,low
TMEM91,6.035898609721109,0.014017813368371462,low
TNNI3,9.346526838293768,0.0022340844926624754,high
TNNT1,25.587302676579903,4.2281250148396284e-07,high
TOMM40,27.32696154867572,1.7179915753389318e-07,low
TPRX1,0.04050187909568357,0.8405024818202063,low
TRAPPC2P1,100.03284879821759,1.4989032642631815e-23,low
TRAPPC6A,10.154100982459754,0.0014398059240160017,low
TRIM28,32.28930120722066,1.328427693944724e-08,low
TRPM4,47.44669812904046,5.652006744945023e-12,low
TSEN34,59.70525152409994,1.10182143049793e-14,low
TSHZ3,7.600650676213684,0.0058347240299659354,same
TSKS,0.1722222502424924,0.678144328394329,low
TTC9B,21.345614589929088,3.8349700153381464e-06,high
TTYH1,8.333478058397233,0.0038921070479596915,high
TULP2,26.02705023352274,3.36667070685117e-07,low
TYROBP,51.09476315177345,8.801278218595093e-13,low
U2AF1L4,13.929327244459037,0.0001898136447057729,low
U2AF2,27.927412166479108,1.2595270121741564e-07,low
UBA2,16.539237934593913,4.7653672630797956e-05,high
UBE2M,0.011291419246163713,0.9153752024415099,low
UBE2S,71.91206665085423,2.2500381984523024e-17,low
UPK1A,5.24776145178505,0.021975023916283656,low
UQCRFS1,47.55525174499319,5.34753074062014e-12,low
USF2,4.286608529951162,0.03841371849054847,low
USP29,18.844518163764945,1.4181808910561225e-05,low
VASP,90.25583746326394,2.0927195563542545e-21,low
VN1R1,0.8597344337807816,0.35381301905938634,high
VN1R2,0.4815275820842058,0.48773119829954625,high
VN1R4,0.004854503620580815,0.9444529231610689,high
VRK3,91.67340358973394,1.0222969135091835e-21,low
VSIG10L,46.09755144687767,1.1250897934979251e-11,low
VSTM1,110.25549892673712,8.614084268065714e-26,low
VSTM2B,52.26629577530791,4.846211143229755e-13,high
WDR62,100.7191019754253,1.0599837914727755e-23,low
WDR87,51.77839556916853,6.213172357195161e-13,high
WDR88,2.6389028141033055,0.10427553585459376,high
WTIP,24.719851149374104,6.629778621840123e-07,low
XRCC1,8.006155216240929,0.004661861255505773,low
YIF1B,37.92584472742001,7.348528790396094e-10,low
ZBTB32,12.522864405469814,0.00040200211920569413,high
ZBTB45,10.358791164739987,0.00128859556358556,low
ZC3H4,35.01634048651806,3.2695005766147365e-09,high
ZFP112,0.7200937088110927,0.39611317268638424,high
ZFP14,2.985634691453656,0.08400634728959006,high
ZFP28,10.856647062985914,0.000984417682517952,low
ZFP30,15.780062585751823,7.114831744809447e-05,low
ZFP36,33.74610669320372,6.279459118384037e-09,low
ZFP82,4.833961555639497,0.02790444141166757,high
ZIK1,38.36067947909751,5.880539466663926e-10,high
ZIM2,14.168671103350603,0.00016713024218556125,high
ZIM3,0.02218908016124493,0.8815851999342661,low
ZNF114,2.009418950882817,0.15632518038532695,high
ZNF132,25.166601141735583,5.258502881515288e-07,low
ZNF134,37.85110639356785,7.635506811160085e-10,high
ZNF135,3.3193628781885675e-05,0.9954031003286822,low
ZNF146,1.0490996803840609,0.30571452968407054,high
ZNF154,19.46025634591169,1.0271479666601905e-05,high
ZNF155,42.36941771033169,7.556238990367548e-11,low
ZNF160,1.2740162612431372,0.2590145820557539,high
ZNF17,11.636831570264409,0.0006465864454452557,high
ZNF175,6.852202952676809,0.008853204379497152,high
ZNF180,40.45494917502858,2.012021474699884e-10,low
ZNF181,12.34348332752752,0.0004425285248656771,low
ZNF211,47.21753452410814,6.352956981505107e-12,low
ZNF221,27.647476268625592,1.455618549835239e-07,high
ZNF222,5.945551398241274,0.014754475018414969,high
ZNF223,6.589671872124553,0.010257207535830775,high
ZNF224,0.06605575181603872,0.7971686329461799,high
ZNF225,0.6224753534070238,0.43012891388607544,high
ZNF226,18.652743422616343,1.5682145757375377e-05,low
ZNF227,4.669173912401052,0.03070869505968876,high
ZNF229,2.4187677805288716,0.11988920253430395,low
ZNF230,57.94841248108251,2.6908261761484838e-14,low
ZNF233,13.331813312338815,0.0002609410650716259,high
ZNF234,8.5799752345885,0.00339879993488299,low
ZNF235,14.398728441229276,0.00014790214759173811,low
ZNF254,10.94773220802061,0.0009371824868513281,high
ZNF256,15.06208318562105,0.00010403212970888713,low
ZNF260,4.853795344102579,0.027585370637907995,high
ZNF264,4.822980155759433,0.02808275099385523,high
ZNF274,1.1057690707520764,0.29300351133033353,high
ZNF28,34.64309854962099,3.960401514027162e-09,high
ZNF283,14.137019557459821,0.0001699657904058218,same
ZNF284,22.94750853720037,1.6648584656001397e-06,high
ZNF285,0.0006999081332150151,0.9788938061346522,high
ZNF296,0.4044555245460922,0.5247971627941218,low
ZNF30,2.101254160125939,0.14717837302949818,low
ZNF302,4.898598375563816,0.02687850298627272,low
ZNF304,27.99026419981128,1.2192734346741004e-07,high
ZNF320,30.754344693122086,2.9284742105324425e-08,low
ZNF324,5.859534318284598,0.015492892526780617,low
ZNF324B,0.26790931522255446,0.6047376816223596,high
ZNF329,2.4049933509310852,0.12094863820868058,same
ZNF331,7.162072240121648,0.007446112454578118,high
ZNF345,62.65983001138526,2.456756970653787e-15,low
ZNF347,26.316106490536253,2.898612457710802e-07,high
ZNF350,4.083386771851778,0.04330677330060259,low
ZNF382,0.10333321370217184,0.7478657306170018,high
ZNF383,32.609000951264846,1.1269165163478852e-08,low
ZNF404,0.09605247131017654,0.7566192599374049,low
ZNF415,10.959353181418573,0.0009313232044121473,low
ZNF416,85.55692669275192,2.2512629761580795e-20,low
ZNF417,15.434486180104821,8.541523079209886e-05,high
ZNF418,0.11886537343676128,0.7302683562896162,high
ZNF419,1.2917230426835622,0.25573065851734017,high
ZNF420,18.255634901367035,1.931537033840738e-05,high
ZNF428,2.9886805402540086,0.0838484639199513,low
ZNF432,70.46034813087222,4.696113268545372e-17,low
ZNF444,4.4438781351910945,0.0350265963471118,low
ZNF446,9.636763890122928,0.0019072096116957156,low
ZNF45,66.5988679298746,3.3277718143021776e-16,low
ZNF460,0.12281866248208163,0.725997303818399,high
ZNF461,71.53928580899017,2.7179241407499882e-17,low
ZNF468,89.57912798578015,2.946160376520063e-21,low
ZNF470,41.54803317294815,1.1501013112156837e-10,low
ZNF471,1.6802686887804643,0.19488875392414806,high
ZNF473,71.93374578433286,2.225453781587707e-17,low
ZNF480,45.23880803395335,1.7441442611141295e-11,high
ZNF497,9.386437983225814,0.002185965207200882,low
ZNF507,1.703746583388251,0.19179873371584055,high
ZNF524,31.615280448007308,1.8794488514789885e-08,low
ZNF525,46.47631444511417,9.273261866448935e-12,low
ZNF526,28.383720281811325,9.949850518516177e-08,low
ZNF527,73.01956802239063,1.283707649167265e-17,low
ZNF528,82.55154803349258,1.0294996761996706e-19,low
ZNF529,5.754065400260551,0.016450544460858453,high
ZNF530,113.66694444712775,1.5414144674581048e-26,low
ZNF534,95.47379511316622,1.498619297174722e-22,high
ZNF536,18.413876694903568,1.7775873845955935e-05,high
ZNF540,72.58146197657972,1.6027757578630403e-17,high
ZNF541,20.364522588011326,6.400547847638599e-06,low
ZNF542,42.502303654384775,7.059902368120245e-11,low
ZNF543,4.04585491137227,0.044279945296732605,high
ZNF544,59.95801900443357,9.69023835238036e-15,low
ZNF546,2.1049929823953355,0.1468190168010358,high
ZNF547,19.618574359374197,9.454558100044387e-06,low
ZNF548,25.165166094705143,5.262417306047348e-07,low
ZNF549,11.283247442067987,0.0007820962854122363,high
ZNF550,8.640473956524339,0.003287758878480435,high
ZNF551,6.4208173964582045,0.011279023482813887,high
ZNF552,110.69961351463485,6.885144627614644e-26,low
ZNF565,24.54146795455398,7.272766167966811e-07,low
ZNF566,4.791062680194961,0.028607771490033355,high
ZNF567,47.150721075851415,6.57324653153612e-12,low
ZNF568,20.798633737091755,5.101934732411337e-06,low
ZNF569,7.4111340699696395,0.006482145003150595,high
ZNF570,4.36469809666993,0.0366909841680343,high
ZNF571,31.121484824850356,2.4237379579691567e-08,low
ZNF573,7.134776950271775,0.007560304654405535,high
ZNF574,6.8799419500419114,0.008716839459631297,low
ZNF575,11.038452495016138,0.0008924132388899482,low
ZNF576,43.503756908478785,4.231462374221205e-11,low
ZNF577,5.35283848925889,0.020688563949902424,low
ZNF578,45.14072228967984,1.8337237549528382e-11,high
ZNF579,14.291627348954108,0.00015655969897089073,low
ZNF580,8.604269860877661,0.0033537579259437077,low
ZNF581,36.418415136311815,1.5919201869675706e-09,low
ZNF582,52.691244631456826,3.90327263047789e-13,low
ZNF583,34.17093351265834,5.047730594212652e-09,low
ZNF584,63.902144309704106,1.3075525376742697e-15,low
ZNF585A,1.7095401829086743,0.1910450402833091,high
ZNF585B,0.7213714015130039,0.39569443273818694,high
ZNF586,69.94323172317031,6.103597446905393e-17,low
ZNF587,12.838849813891924,0.0003394962353158639,low
ZNF599,67.50953136260308,2.0967101873716657e-16,low
ZNF600,97.09594591985407,6.60479920139477e-23,low
ZNF606,10.835338332813174,0.000995811206677984,high
ZNF607,33.049882777335974,8.982446419936863e-09,low
ZNF610,8.12398285752493,0.004368348491651303,high
ZNF611,2.871049337516737,0.09018605077380402,high
ZNF613,73.7938961618147,8.671432700112383e-18,low
ZNF614,8.187266734775456,0.004218543432220266,high
ZNF615,6.065478356220087,0.013784941301643636,high
ZNF616,4.059854521593614,0.043914282515191,high
ZNF628,25.85998175913689,3.671014042248769e-07,low
ZNF649,0.5368520125439832,0.4637402905808331,high
ZNF665,1.759896652768126,0.18463740675472953,high
ZNF667,0.29774939656565885,0.5852967991122229,high
ZNF671,4.809313740323196,0.02830631562776157,low
ZNF677,0.5637344271462527,0.4527594862367411,high
ZNF701,67.03952611973533,2.6611769457666854e-16,low
ZNF702P,4.575986652598598,0.032423069243740416,low
ZNF71,55.738739080396336,8.277104455811607e-14,low
ZNF749,14.854139148540733,0.00011615289278156156,high
ZNF761,34.045617676296864,5.3835019096370905e-09,low
ZNF765,56.42751572066504,5.830867624683348e-14,low
ZNF766,11.671538175702336,0.0006346351862083744,low
ZNF772,0.19925633386498434,0.6553217826409912,high
ZNF773,1.4177199683039774,0.233779049915234,high
ZNF776,56.641870385924356,5.2286572083589326e-14,low
ZNF780A,6.365246617987522,0.01163769196222102,high
ZNF780B,5.2319941975317015,0.02217509403070176,high
ZNF781,0.03300003906840356,0.8558502427108432,high
ZNF784,24.96711330266651,5.831658956230019e-07,low
ZNF787,24.57999573872154,7.128794980873971e-07,low
ZNF790,18.313315798901133,1.873927510505174e-05,low
ZNF792,30.321375320625396,3.6606946633507364e-08,high
ZNF793,0.00011024645928372967,0.9916225005722957,high
ZNF8,2.3356967781352878,0.12643840377481047,high
ZNF805,18.493131967050182,1.705176642788188e-05,low
ZNF808,29.07653685547688,6.957451911545144e-08,low
ZNF813,0.6348600245803784,0.4255782088115344,high
ZNF814,28.404236478907393,9.844963489192071e-08,low
ZNF829,22.517488522912963,2.0823911144581465e-06,high
ZNF83,44.40817994194815,2.6657094788426995e-11,low
ZNF835,1.2979932323249712,0.2545801083877839,high
ZNF836,18.565981720963375,1.6412340410209676e-05,low
ZNF837,51.64645960045009,6.645036074856597e-13,low
ZNF841,7.011101347267575,0.008100583333072077,low
ZNF845,30.19329387071918,3.910593135509412e-08,high
ZNF880,18.405681888790813,1.78524850022691e-05,low
ZSCAN1,10.568166668156227,0.0011505177371436885,low
ZSCAN18,5.9924127052825106e-05,0.9938235833915214,low
ZSCAN22,80.0520618827846,3.646734137480226e-19,low
ZSCAN4,0.03174268374919507,0.8585935798460043,high
ZSCAN5A,86.5050744097926,1.3937921636126787e-20,low
ZSCAN5B,30.626908105763,3.1272644075684866e-08,high
